Hteam,Ateam,Odd-1,Odd-N,Odd-2,H_L3GG,H_L3GX,H_L3PT,A_L3GG,A_L3GX,A_L3PT
Swansea,Sunderland,1.584545454545455,3.9990909090909086,6.240909090909091,6.0,5.0,4.0,2.0,6.0,3.0
